{
	"Header": {
		"GenerationSoftware": {
			"Vendor": "AutoTRAX Software",
			"Application": "AutoTRAX",
			"Version": "2023.10.10"
		},
		"CreationDate": "Tuesday, 10 October 2023",
		"Comment": "none"
	},
	"GeneralSpecs": {
		"Part": "Single"
	},
	"FilesAttributes": [
		{
			"Path": "Top Paste.gbr",
			"FileFunction": "Paste,Top",
			"FilePolarity": "Positive",
			"FileFormat": "Gerber"
		},
		{
			"Path": "Top Silkscreen.gbr",
			"FileFunction": "Legend,Top",
			"FilePolarity": "Positive",
			"FileFormat": "Gerber"
		},
		{
			"Path": "Bottom Solder Mask.gbr",
			"FileFunction": "Soldermask,Top",
			"FilePolarity": "Positive",
			"FileFormat": "Gerber"
		},
		{
			"Path": "Top Copper.gbr",
			"FileFunction": "Copper,L1,Top",
			"FilePolarity": "Positive",
			"FileFormat": "Gerber"
		},
		{
			"Path": "Bottom Copper.gbr",
			"FileFunction": "Copper,L2,Bot",
			"FilePolarity": "Positive",
			"FileFormat": "Gerber"
		},
		{
			"Path": "Bottom Silkscreen.gbr",
			"FileFunction": "Legend,Bot",
			"FilePolarity": "Positive",
			"FileFormat": "Gerber"
		},
		{
			"Path": "Top Solder Mask.gbr",
			"FileFunction": "Soldermask,Bot",
			"FilePolarity": "Positive",
			"FileFormat": "Gerber"
		},
		{
			"Path": "Board Profile.gbr",
			"FileFunction": "Profile",
			"FilePolarity": "Positive",
			"FileFormat": "Gerber"
		},
		{
			"Path": "drill.drl",
			"FileFunction": "XPlated,1,4,XTH",
			"FilePolarity": "Positive",
			"FileFormat": "XNC"
		}
	],
	"MaterialStackup": [
		{
			"Type": "Legend",
			"Color": "white"
		},
		{
			"Type": "SolderMask",
			"Color": "R0G128B0"
		},
		{
			"Type": "Copper",
			"Thickness": "0.036"
		},
		{
			"Type": "Dielectric",
			"Thickness": "0.5"
		},
		{
			"Type": "Copper",
			"Thickness": "0.036"
		},
		{
			"Type": "SolderMask",
			"Color": "R0G128B0"
		},
		{
			"Type": "Legend",
			"Color": "white"
		}
	]
}